txn_id,customer_id,amount,timestamp,city,beneficiary_id,channel
T0960,C058,4807.16,2026-01-01 08:51:00,Pune,B146,UPI
T0083,C052,2830.1,2026-01-01 09:46:00,Hyderabad,B147,ATM
T0535,C021,2318.17,2026-01-01 10:57:00,Kolkata,B104,ATM
T0616,C003,2726.95,2026-01-01 10:59:00,Chennai,B104,ATM
T0160,C066,4159.65,2026-01-01 13:01:00,Jaipur,B237,IMPS
T0623,C017,1053.0,2026-01-01 15:51:00,Nagpur,B201,UPI
T0693,C041,3245.6,2026-01-02 04:35:00,Ahmedabad,B141,ATM
T0848,C050,4829.94,2026-01-02 07:06:00,Mumbai,B075,IMPS
T0448,C085,2541.7,2026-01-02 12:53:00,Jaipur,B283,IMPS
T0477,C014,850.35,2026-01-02 13:34:00,Kolkata,B171,IMPS
T0839,C091,3769.5,2026-01-02 15:04:00,Nagpur,B268,UPI
T0990,C060,3342.84,2026-01-02 20:24:00,Mumbai,B199,NEFT
T0544,C009,2746.44,2026-01-02 21:01:00,Nagpur,B085,IMPS
T0708,C089,3491.55,2026-01-03 00:39:00,Hyderabad,B216,UPI
T0054,C097,4691.52,2026-01-03 00:41:00,Ahmedabad,B289,UPI
T0865,C046,2679.22,2026-01-03 02:28:00,Hyderabad,B128,NEFT
T0562,C091,858.62,2026-01-03 09:35:00,Delhi,B255,NEFT
T0022,C071,4331.74,2026-01-03 10:09:00,Mumbai,B275,NEFT
T0878,C041,3508.21,2026-01-03 11:38:00,Bangalore,B195,UPI
T0996,C051,3773.08,2026-01-04 16:16:00,Chennai,B181,NEFT
T0027,C077,1755.95,2026-01-04 21:05:00,Mumbai,B186,NEFT
T0659,C035,4505.75,2026-01-05 00:23:00,Chennai,B156,NEFT
T0778,C070,3675.08,2026-01-05 19:56:00,Jaipur,B192,IMPS
T0680,C088,871.66,2026-01-05 23:12:00,Ahmedabad,B152,NEFT
T0115,C040,718.87,2026-01-06 00:11:00,Hyderabad,B295,IMPS
T0483,C088,3884.57,2026-01-06 05:35:00,Ahmedabad,B108,IMPS
T0725,C100,1921.27,2026-01-06 13:54:00,Delhi,B248,IMPS
T0182,C089,1637.44,2026-01-06 14:28:00,Pune,B167,UPI
T0239,C095,3239.23,2026-01-06 21:56:00,Mumbai,B272,ATM
T0419,C093,3874.35,2026-01-07 04:45:00,Kolkata,B009,ATM
T0876,C062,4710.34,2026-01-07 06:16:00,Jaipur,B178,IMPS
T0514,C098,1258.54,2026-01-07 06:50:00,Hyderabad,B116,NEFT
T0195,C040,3985.33,2026-01-07 09:46:00,Nagpur,B187,ATM
T0387,C023,4682.83,2026-01-07 22:46:00,Kolkata,B254,ATM
T0205,C018,417.66,2026-01-08 02:34:00,Hyderabad,B253,UPI
T0696,C062,2039.92,2026-01-08 04:49:00,Jaipur,B103,NEFT
T0591,C091,3545.01,2026-01-08 16:12:00,Bangalore,B168,ATM
T0951,C079,1475.92,2026-01-08 17:36:00,Mumbai,B156,UPI
T0970,C007,1662.96,2026-01-08 19:55:00,Chennai,B277,ATM
T0815,C034,1973.29,2026-01-09 03:01:00,Bangalore,B266,NEFT
T0302,C050,4391.99,2026-01-09 06:12:00,Kolkata,B192,NEFT
T0582,C092,1543.16,2026-01-09 07:48:00,Bangalore,B267,IMPS
T0569,C095,2642.36,2026-01-09 08:24:00,Pune,B126,UPI
T0643,C048,1095.6,2026-01-09 10:56:00,Hyderabad,B226,IMPS
T0787,C097,3780.56,2026-01-09 14:51:00,Mumbai,B184,UPI
T0628,C014,3657.99,2026-01-10 02:21:00,Kolkata,B225,IMPS
T0706,C084,4213.38,2026-01-10 02:44:00,Mumbai,B214,IMPS
T0705,C099,2766.72,2026-01-10 04:16:00,Nagpur,B025,UPI
T0670,C037,331.76,2026-01-10 08:55:00,Delhi,B293,ATM
T0048,C096,1705.3,2026-01-10 11:04:00,Nagpur,B245,ATM
T0356,C047,417.16,2026-01-10 15:30:00,Nagpur,B288,ATM
T0336,C065,4571.42,2026-01-11 10:06:00,Mumbai,B266,ATM
T0422,C097,4345.91,2026-01-11 14:36:00,Delhi,B258,NEFT
T0758,C019,454.71,2026-01-11 15:18:00,Bangalore,B137,ATM
T0851,C092,4824.94,2026-01-11 19:03:00,Delhi,B254,IMPS
T0723,C017,3541.62,2026-01-12 00:13:00,Delhi,B054,IMPS
T0933,C098,3200.64,2026-01-12 05:09:00,Chennai,B079,UPI
T0344,C059,550.27,2026-01-12 05:45:00,Delhi,B226,IMPS
T0887,C013,3514.61,2026-01-12 06:18:00,Bangalore,B131,IMPS
T0222,C083,4827.33,2026-01-12 09:45:00,Ahmedabad,B206,IMPS
T0266,C065,924.13,2026-01-12 14:19:00,Ahmedabad,B053,NEFT
T0899,C051,694.44,2026-01-12 22:42:00,Ahmedabad,B281,UPI
T0849,C077,2289.81,2026-01-12 23:58:00,Hyderabad,B114,NEFT
T0598,C010,304.64,2026-01-13 01:40:00,Bangalore,B228,ATM
T0224,C042,3119.83,2026-01-13 06:58:00,Delhi,B141,NEFT
T0484,C038,4190.15,2026-01-13 22:09:00,Kolkata,B256,ATM
T0029,C094,2532.75,2026-01-13 22:23:00,Jaipur,B065,ATM
T0035,C005,4326.25,2026-01-14 05:34:00,Jaipur,B122,NEFT
T0034,C076,1257.04,2026-01-14 06:10:00,Pune,B118,UPI
T0771,C074,2840.77,2026-01-14 14:25:00,Chennai,B270,ATM
T0357,C047,2855.47,2026-01-14 17:15:00,Kolkata,B259,IMPS
T0458,C035,423.5,2026-01-14 20:49:00,Hyderabad,B279,UPI
T0633,C049,972.34,2026-01-14 23:41:00,Jaipur,B048,NEFT
T0199,C015,2447.99,2026-01-15 00:59:00,Delhi,B116,IMPS
T0256,C043,3939.77,2026-01-15 05:42:00,Jaipur,B059,ATM
T0821,C057,994.91,2026-01-15 08:48:00,Jaipur,B144,ATM
T0403,C068,3578.08,2026-01-15 13:14:00,Nagpur,B058,UPI
T0557,C036,601.27,2026-01-15 17:15:00,Jaipur,B105,ATM
T0049,C008,4811.74,2026-01-15 22:00:00,Delhi,B036,UPI
T0692,C092,1065.71,2026-01-16 01:04:00,Ahmedabad,B171,ATM
T0141,C073,4755.8,2026-01-16 20:09:00,Bangalore,B061,IMPS
T0127,C067,4750.7,2026-01-16 22:02:00,Bangalore,B209,IMPS
T0983,C097,3696.74,2026-01-16 22:55:00,Mumbai,B028,ATM
T0123,C032,4187.51,2026-01-17 02:38:00,Hyderabad,B231,ATM
T0327,C092,2336.53,2026-01-17 07:33:00,Chennai,B178,UPI
T0542,C010,1298.94,2026-01-17 14:17:00,Mumbai,B053,NEFT
T0615,C023,2554.09,2026-01-17 18:20:00,Pune,B120,ATM
T0811,C060,2605.39,2026-01-17 19:38:00,Kolkata,B187,UPI
T0406,C092,2999.11,2026-01-17 21:19:00,Jaipur,B229,UPI
T0773,C070,2777.77,2026-01-18 01:42:00,Chennai,B114,ATM
T0925,C059,3729.55,2026-01-18 10:31:00,Jaipur,B107,IMPS
T0230,C011,647.5,2026-01-18 21:53:00,Chennai,B067,UPI
T0645,C097,3543.06,2026-01-18 22:30:00,Mumbai,B177,IMPS
T0952,C028,4810.82,2026-01-19 00:19:00,Mumbai,B119,IMPS
T0740,C092,2372.16,2026-01-19 01:42:00,Bangalore,B002,NEFT
T0946,C014,2529.78,2026-01-19 07:27:00,Pune,B293,IMPS
T0993,C066,4887.74,2026-01-19 11:10:00,Chennai,B249,UPI
T0546,C028,616.1,2026-01-19 14:56:00,Delhi,B064,IMPS
T0655,C014,2900.88,2026-01-19 17:14:00,Hyderabad,B275,NEFT
T0067,C088,1397.74,2026-01-20 01:06:00,Chennai,B287,IMPS
T0568,C021,1424.56,2026-01-20 01:35:00,Nagpur,B060,ATM
T0749,C094,4113.17,2026-01-20 04:26:00,Kolkata,B165,IMPS
T0233,C077,1699.75,2026-01-20 04:38:00,Nagpur,B260,ATM
T0304,C094,3354.1,2026-01-20 04:54:00,Nagpur,B171,ATM
T0632,C041,1453.41,2026-01-20 09:33:00,Mumbai,B176,ATM
T0254,C012,2296.22,2026-01-20 14:31:00,Bangalore,B224,IMPS
T0389,C039,2926.22,2026-01-20 20:48:00,Chennai,B146,IMPS
T0745,C025,3640.58,2026-01-20 22:50:00,Kolkata,B024,UPI
T0202,C082,4713.4,2026-01-21 01:22:00,Bangalore,B242,UPI
T0831,C049,2050.22,2026-01-21 02:21:00,Pune,B104,IMPS
T0020,C097,426.16,2026-01-21 07:03:00,Delhi,B082,IMPS
T0023,C099,3276.62,2026-01-21 15:22:00,Hyderabad,B223,ATM
T0391,C035,1125.49,2026-01-21 20:09:00,Chennai,B084,IMPS
T0219,C095,2220.61,2026-01-22 00:32:00,Mumbai,B244,IMPS
T0505,C079,2084.21,2026-01-22 03:05:00,Chennai,B181,IMPS
T0226,C013,4006.86,2026-01-22 03:52:00,Jaipur,B111,IMPS
T0435,C025,4817.97,2026-01-22 16:33:00,Ahmedabad,B125,ATM
T0786,C003,2069.61,2026-01-22 20:53:00,Jaipur,B004,UPI
T0735,C064,2345.93,2026-01-22 22:38:00,Ahmedabad,B010,UPI
T0590,C060,1472.04,2026-01-23 03:54:00,Mumbai,B081,NEFT
T0541,C090,1849.16,2026-01-23 06:52:00,Kolkata,B068,IMPS
T0329,C047,2642.03,2026-01-23 10:14:00,Bangalore,B072,ATM
T0310,C084,1793.24,2026-01-23 23:50:00,Chennai,B224,IMPS
T0008,C094,2405.24,2026-01-24 01:22:00,Kolkata,B041,NEFT
T0213,C043,1369.13,2026-01-24 06:10:00,Nagpur,B106,UPI
T0875,C029,3800.81,2026-01-24 16:18:00,Pune,B270,IMPS
T0945,C006,4208.93,2026-01-24 22:59:00,Delhi,B017,ATM
T0833,C012,2514.76,2026-01-25 01:24:00,Nagpur,B277,UPI
T0585,C056,3379.73,2026-01-25 03:04:00,Bangalore,B150,NEFT
T0596,C100,4916.32,2026-01-25 03:06:00,Bangalore,B206,NEFT
T0703,C029,3690.41,2026-01-25 05:14:00,Bangalore,B012,ATM
T0217,C085,4358.95,2026-01-25 07:51:00,Pune,B184,ATM
T0552,C047,4682.84,2026-01-25 08:38:00,Kolkata,B292,IMPS
T0701,C056,4462.28,2026-01-25 16:32:00,Chennai,B251,NEFT
T0885,C023,2223.3,2026-01-25 19:30:00,Jaipur,B274,NEFT
T0306,C081,1074.93,2026-01-25 21:10:00,Mumbai,B235,UPI
T0107,C011,3285.2,2026-01-26 00:52:00,Ahmedabad,B094,UPI
T0790,C021,2760.65,2026-01-26 03:51:00,Kolkata,B280,NEFT
T0543,C048,4428.75,2026-01-26 07:07:00,Kolkata,B069,ATM
T0380,C072,3541.62,2026-01-26 07:45:00,Mumbai,B123,ATM
T0322,C098,569.05,2026-01-26 09:35:00,Jaipur,B188,IMPS
T0019,C029,4987.16,2026-01-26 12:22:00,Jaipur,B253,UPI
T0595,C014,4058.7,2026-01-26 18:45:00,Mumbai,B007,UPI
T0462,C050,3826.92,2026-01-26 19:27:00,Mumbai,B257,NEFT
T0041,C025,2774.17,2026-01-26 20:27:00,Kolkata,B094,NEFT
T0794,C083,4287.0,2026-01-27 06:23:00,Delhi,B095,ATM
T0424,C031,1648.47,2026-01-27 09:54:00,Jaipur,B114,IMPS
T0759,C037,3480.27,2026-01-27 23:45:00,Pune,B152,ATM
T0065,C048,2996.05,2026-01-28 07:01:00,Kolkata,B066,UPI
T0654,C015,2189.32,2026-01-28 07:29:00,Nagpur,B299,UPI
T0427,C090,2198.36,2026-01-28 11:56:00,Hyderabad,B193,ATM
T0099,C030,2038.57,2026-01-29 03:36:00,Bangalore,B033,IMPS
T0340,C076,4719.71,2026-01-29 09:41:00,Delhi,B173,UPI
T0277,C029,4999.89,2026-01-29 12:57:00,Mumbai,B152,UPI
T0059,C014,3763.6,2026-01-29 15:09:00,Hyderabad,B145,ATM
T0907,C047,2178.58,2026-01-29 16:20:00,Hyderabad,B006,UPI
T0145,C034,3370.06,2026-01-29 22:11:00,Bangalore,B089,UPI
T0932,C099,629.5,2026-01-30 00:59:00,Ahmedabad,B047,NEFT
T0768,C072,1468.35,2026-01-30 15:06:00,Nagpur,B131,UPI
T0824,C062,1211.38,2026-01-30 16:29:00,Kolkata,B012,ATM
T0026,C020,1994.79,2026-01-30 17:49:00,Jaipur,B272,UPI
T0013,C069,3699.81,2026-01-31 01:54:00,Ahmedabad,B195,NEFT
T0826,C074,904.95,2026-01-31 14:45:00,Hyderabad,B093,IMPS
T0315,C078,3644.78,2026-01-31 16:04:00,Ahmedabad,B180,IMPS
T0801,C041,4801.56,2026-02-01 00:47:00,Pune,B161,ATM
T0683,C065,1640.94,2026-02-01 06:40:00,Jaipur,B093,NEFT
T0640,C013,323.53,2026-02-01 10:22:00,Hyderabad,B042,IMPS
T0553,C047,2822.51,2026-02-01 18:50:00,Ahmedabad,B038,UPI
T0258,C019,1428.65,2026-02-01 22:01:00,Nagpur,B079,UPI
T0218,C076,1754.1,2026-02-02 01:17:00,Hyderabad,B027,ATM
T0717,C007,679.08,2026-02-02 03:17:00,Pune,B149,NEFT
T0859,C074,222.33,2026-02-02 04:44:00,Kolkata,B260,UPI
T0622,C086,3026.96,2026-02-02 06:07:00,Kolkata,B158,NEFT
T0832,C020,3106.45,2026-02-02 15:10:00,Ahmedabad,B020,UPI
T0882,C052,1542.22,2026-02-03 01:56:00,Nagpur,B068,ATM
T0184,C073,3472.64,2026-02-03 02:40:00,Delhi,B090,UPI
T0125,C064,4284.57,2026-02-03 10:28:00,Ahmedabad,B109,NEFT
T0392,C083,1434.87,2026-02-04 05:30:00,Pune,B173,NEFT
T0500,C052,3222.85,2026-02-04 06:20:00,Kolkata,B203,UPI
T0510,C063,1586.41,2026-02-04 09:26:00,Chennai,B231,UPI
T0662,C078,3298.66,2026-02-04 13:06:00,Ahmedabad,B109,IMPS
T0937,C070,3545.78,2026-02-04 21:08:00,Nagpur,B096,NEFT
T0211,C008,2111.07,2026-02-04 21:17:00,Mumbai,B233,UPI
T0077,C050,4517.62,2026-02-04 22:28:00,Hyderabad,B023,IMPS
T0168,C071,894.28,2026-02-05 00:47:00,Nagpur,B261,ATM
T0309,C005,3815.8,2026-02-05 02:56:00,Hyderabad,B183,UPI
T0393,C073,3437.13,2026-02-05 11:56:00,Delhi,B208,IMPS
T0799,C080,535.08,2026-02-05 13:24:00,Chennai,B249,IMPS
T0795,C079,4206.79,2026-02-05 17:01:00,Mumbai,B093,UPI
T0501,C095,3147.71,2026-02-06 06:07:00,Ahmedabad,B220,IMPS
T0116,C051,4719.06,2026-02-06 10:30:00,Mumbai,B125,UPI
T0605,C050,858.73,2026-02-06 15:26:00,Jaipur,B128,UPI
T0404,C071,4533.86,2026-02-07 03:14:00,Nagpur,B275,ATM
T0430,C050,1365.72,2026-02-07 08:23:00,Chennai,B041,IMPS
T0549,C085,4403.97,2026-02-07 17:36:00,Jaipur,B261,ATM
T0502,C001,3582.73,2026-02-07 19:05:00,Hyderabad,B033,UPI
T0495,C044,2385.6,2026-02-07 23:49:00,Jaipur,B248,NEFT
T0371,C091,862.8,2026-02-08 01:53:00,Jaipur,B167,IMPS
T0012,C021,1976.87,2026-02-08 11:21:00,Hyderabad,B037,ATM
T0520,C100,4097.07,2026-02-08 12:58:00,Nagpur,B180,IMPS
T0881,C024,2594.1,2026-02-08 15:49:00,Kolkata,B191,NEFT
T0247,C027,1646.81,2026-02-08 18:53:00,Delhi,B131,NEFT
T0108,C034,2019.7,2026-02-08 20:45:00,Ahmedabad,B168,NEFT
T0539,C091,656.88,2026-02-09 04:27:00,Ahmedabad,B040,ATM
T0276,C040,1065.26,2026-02-09 07:49:00,Chennai,B249,ATM
T0006,C044,1533.78,2026-02-09 12:43:00,Chennai,B053,UPI
T0209,C005,3513.35,2026-02-09 21:15:00,Ahmedabad,B228,ATM
T0675,C045,2403.19,2026-02-10 01:22:00,Ahmedabad,B155,IMPS
T0867,C061,1706.59,2026-02-10 02:55:00,Nagpur,B138,ATM
T0003,C005,343.03,2026-02-10 03:14:00,Bangalore,B259,UPI
T0611,C098,4982.68,2026-02-10 06:37:00,Nagpur,B199,NEFT
T0014,C082,3503.18,2026-02-10 07:30:00,Chennai,B029,ATM
T0864,C049,3241.58,2026-02-10 10:51:00,Bangalore,B162,IMPS
T0971,C042,2611.53,2026-02-10 12:40:00,Delhi,B026,IMPS
T0129,C003,646.66,2026-02-10 16:10:00,Kolkata,B125,NEFT
T0682,C044,3687.44,2026-02-10 19:31:00,Jaipur,B244,NEFT
T0819,C049,4868.84,2026-02-10 21:51:00,Jaipur,B208,NEFT
T0234,C020,3352.33,2026-02-11 03:44:00,Mumbai,B180,NEFT
T0906,C045,2511.93,2026-02-11 16:20:00,Mumbai,B227,NEFT
T0457,C068,4611.93,2026-02-12 03:51:00,Bangalore,B291,IMPS
T0249,C049,2756.4,2026-02-12 05:22:00,Jaipur,B287,NEFT
T0132,C035,1671.79,2026-02-12 07:14:00,Mumbai,B099,NEFT
T0463,C007,668.89,2026-02-12 14:15:00,Mumbai,B175,IMPS
T0982,C006,4636.22,2026-02-12 20:07:00,Bangalore,B192,ATM
T0637,C085,1551.31,2026-02-13 13:51:00,Mumbai,B026,IMPS
T0296,C015,3925.63,2026-02-13 14:15:00,Hyderabad,B063,UPI
T0559,C094,4776.45,2026-02-13 18:37:00,Pune,B126,UPI
T0854,C087,373.09,2026-02-13 21:19:00,Pune,B081,UPI
T0679,C020,2683.01,2026-02-14 01:53:00,Pune,B207,NEFT
T0300,C001,3151.09,2026-02-14 03:02:00,Nagpur,B214,ATM
T0732,C097,2559.91,2026-02-14 04:28:00,Chennai,B143,UPI
T0428,C097,2782.06,2026-02-14 04:48:00,Bangalore,B154,ATM
T0451,C013,2717.05,2026-02-14 04:48:00,Bangalore,B270,NEFT
T0299,C081,2673.8,2026-02-14 09:02:00,Delhi,B150,IMPS
T0368,C019,4143.97,2026-02-14 10:10:00,Pune,B294,UPI
T0862,C073,2521.42,2026-02-14 14:52:00,Chennai,B235,IMPS
T0395,C062,1753.29,2026-02-15 11:44:00,Pune,B134,IMPS
T0627,C002,1473.02,2026-02-15 18:15:00,Mumbai,B180,NEFT
T0323,C041,3317.89,2026-02-15 18:34:00,Mumbai,B014,ATM
T0964,C047,4470.2,2026-02-15 19:38:00,Bangalore,B132,NEFT
T0286,C078,864.31,2026-02-15 20:16:00,Pune,B247,NEFT
T0153,C095,1747.14,2026-02-15 21:52:00,Pune,B047,ATM
T0797,C038,3424.09,2026-02-15 23:16:00,Mumbai,B102,IMPS
T0784,C007,1054.36,2026-02-16 04:36:00,Jaipur,B037,ATM
T0159,C059,622.69,2026-02-16 06:44:00,Chennai,B060,IMPS
T0139,C024,4834.39,2026-02-16 07:05:00,Ahmedabad,B059,UPI
T0485,C082,1653.6,2026-02-16 07:58:00,Delhi,B217,IMPS
T0707,C049,793.26,2026-02-16 08:13:00,Ahmedabad,B079,ATM
T0186,C030,2413.52,2026-02-16 13:38:00,Ahmedabad,B131,UPI
T0491,C014,250.63,2026-02-17 10:26:00,Bangalore,B262,ATM
T0440,C095,900.43,2026-02-17 19:20:00,Jaipur,B300,IMPS
T0554,C076,524.16,2026-02-18 01:30:00,Bangalore,B021,UPI
T0148,C088,1320.43,2026-02-18 11:51:00,Nagpur,B102,IMPS
T0017,C083,2402.49,2026-02-18 13:16:00,Delhi,B127,NEFT
T0396,C031,2344.33,2026-02-18 22:30:00,Chennai,B155,UPI
T0162,C098,447.74,2026-02-18 22:47:00,Jaipur,B068,NEFT
T0895,C084,1598.51,2026-02-19 00:36:00,Nagpur,B203,NEFT
T0467,C092,552.83,2026-02-19 02:47:00,Delhi,B195,ATM
T0720,C057,4784.43,2026-02-19 04:15:00,Mumbai,B191,NEFT
T0644,C034,1285.96,2026-02-19 05:21:00,Nagpur,B032,ATM
T0527,C019,2971.64,2026-02-19 06:02:00,Kolkata,B193,IMPS
T0565,C043,4074.12,2026-02-19 20:18:00,Jaipur,B033,NEFT
T0288,C011,3862.96,2026-02-19 23:50:00,Ahmedabad,B263,ATM
T0602,C028,4559.86,2026-02-20 09:24:00,Hyderabad,B229,ATM
T0938,C042,3715.53,2026-02-20 10:54:00,Nagpur,B284,ATM
T0678,C082,1760.66,2026-02-20 17:43:00,Hyderabad,B153,ATM
T0109,C098,4422.27,2026-02-20 23:43:00,Kolkata,B130,UPI
T0522,C073,1883.91,2026-02-21 12:04:00,Nagpur,B276,ATM
T0269,C047,1989.69,2026-02-21 19:58:00,Kolkata,B210,NEFT
T0892,C011,2029.14,2026-02-22 11:50:00,Ahmedabad,B075,ATM
T0915,C009,1075.55,2026-02-23 01:15:00,Mumbai,B234,IMPS
T0576,C002,1970.81,2026-02-23 09:59:00,Nagpur,B156,ATM
T0523,C042,4899.2,2026-02-23 14:32:00,Hyderabad,B294,NEFT
T0860,C072,547.45,2026-02-23 21:36:00,Chennai,B060,NEFT
T0639,C001,2252.51,2026-02-23 22:54:00,Nagpur,B246,ATM
T0399,C082,4597.43,2026-02-24 01:02:00,Chennai,B114,ATM
T0712,C046,3576.5,2026-02-24 02:24:00,Delhi,B021,IMPS
T0135,C013,4196.62,2026-02-24 06:19:00,Bangalore,B185,ATM
T0143,C058,4560.82,2026-02-24 11:09:00,Nagpur,B220,NEFT
T0700,C009,4154.45,2026-02-24 14:51:00,Hyderabad,B234,NEFT
T0374,C032,1539.23,2026-02-24 16:09:00,Bangalore,B153,NEFT
T0170,C001,1557.63,2026-02-24 16:24:00,Nagpur,B297,IMPS
T0475,C056,1524.62,2026-02-24 21:38:00,Ahmedabad,B040,NEFT
T0788,C038,3977.08,2026-02-25 04:37:00,Nagpur,B045,NEFT
T0985,C089,4060.55,2026-02-25 21:04:00,Ahmedabad,B242,UPI
T0507,C041,765.74,2026-02-25 22:13:00,Mumbai,B094,NEFT
T0674,C078,4064.41,2026-02-25 22:34:00,Hyderabad,B217,IMPS
T0800,C043,3158.44,2026-02-25 23:30:00,Nagpur,B079,NEFT
T0686,C029,3772.21,2026-02-26 05:40:00,Kolkata,B170,NEFT
T0237,C035,3572.95,2026-02-26 13:58:00,Chennai,B180,UPI
T0087,C097,1327.37,2026-02-26 20:14:00,Bangalore,B102,ATM
T0575,C037,3912.93,2026-02-26 21:27:00,Chennai,B045,IMPS
T0926,C050,3470.92,2026-02-27 03:37:00,Chennai,B082,UPI
T0228,C054,3702.14,2026-02-27 05:32:00,Kolkata,B161,NEFT
T0369,C025,290.9,2026-02-27 10:32:00,Kolkata,B078,IMPS
T0459,C023,4658.08,2026-02-27 14:00:00,Pune,B107,ATM
T0547,C045,4823.59,2026-02-27 14:05:00,Delhi,B127,NEFT
T0016,C073,4406.56,2026-02-27 14:50:00,Bangalore,B256,IMPS
T0962,C029,1231.15,2026-02-27 15:50:00,Pune,B142,ATM
T0934,C017,2541.65,2026-02-27 23:51:00,Jaipur,B178,IMPS
T0944,C042,2167.06,2026-02-28 22:56:00,Mumbai,B050,UPI
T0337,C039,990.35,2026-03-01 01:43:00,Bangalore,B178,NEFT
T0929,C031,3237.96,2026-03-01 09:49:00,Pune,B086,NEFT
T0253,C052,300.11,2026-03-01 10:56:00,Delhi,B236,NEFT
T0891,C100,1566.12,2026-03-01 12:20:00,Jaipur,B250,IMPS
T0481,C074,3953.48,2026-03-01 15:49:00,Kolkata,B144,IMPS
T0503,C069,1097.41,2026-03-01 16:14:00,Bangalore,B235,UPI
T0196,C012,4566.21,2026-03-01 19:27:00,Kolkata,B090,ATM
T0314,C042,692.47,2026-03-02 00:42:00,Hyderabad,B157,IMPS
T0441,C038,931.57,2026-03-02 09:12:00,Bangalore,B195,ATM
T0658,C051,4469.96,2026-03-02 16:19:00,Bangalore,B026,IMPS
T0803,C018,3461.98,2026-03-02 16:37:00,Ahmedabad,B237,IMPS
T0783,C004,2404.28,2026-03-02 17:17:00,Pune,B045,UPI
T0739,C029,4252.72,2026-03-02 18:24:00,Jaipur,B243,NEFT
T0434,C027,4373.47,2026-03-02 22:44:00,Hyderabad,B008,ATM
T0157,C061,1870.21,2026-03-03 00:14:00,Chennai,B054,ATM
T0062,C036,411.62,2026-03-03 01:19:00,Delhi,B135,ATM
T0893,C082,4077.04,2026-03-03 18:04:00,Kolkata,B293,IMPS
T0033,C032,1278.55,2026-03-03 21:07:00,Pune,B284,ATM
T0847,C066,2122.69,2026-03-03 22:39:00,Jaipur,B027,ATM
T0305,C006,1891.04,2026-03-03 23:08:00,Delhi,B238,IMPS
T0345,C062,2429.32,2026-03-04 06:19:00,Nagpur,B074,NEFT
T0240,C049,2215.2,2026-03-04 09:23:00,Delhi,B190,NEFT
T0830,C022,3676.1,2026-03-04 17:09:00,Ahmedabad,B036,ATM
T0894,C010,579.74,2026-03-04 21:19:00,Bangalore,B161,NEFT
T0669,C076,2846.4,2026-03-05 00:02:00,Delhi,B133,UPI
T0418,C030,1388.06,2026-03-05 08:23:00,Delhi,B142,ATM
T0102,C062,228.3,2026-03-06 08:51:00,Hyderabad,B200,IMPS
T0353,C031,1232.69,2026-03-06 13:49:00,Pune,B026,NEFT
T0855,C036,3942.43,2026-03-06 14:50:00,Kolkata,B208,ATM
T0471,C014,326.06,2026-03-06 18:16:00,Jaipur,B048,NEFT
T0038,C013,3363.12,2026-03-06 19:56:00,Kolkata,B211,IMPS
T0963,C013,381.13,2026-03-07 01:53:00,Delhi,B071,NEFT
T0903,C004,368.74,2026-03-07 07:03:00,Chennai,B244,IMPS
T0760,C097,2797.63,2026-03-07 15:06:00,Ahmedabad,B053,ATM
T0606,C049,3953.2,2026-03-07 16:59:00,Ahmedabad,B279,IMPS
T0437,C060,2761.52,2026-03-07 17:37:00,Hyderabad,B134,NEFT
T0928,C082,1634.3,2026-03-07 22:43:00,Pune,B112,UPI
T0468,C095,2070.19,2026-03-07 23:55:00,Mumbai,B047,UPI
T0774,C085,1793.04,2026-03-08 00:20:00,Hyderabad,B112,IMPS
T0161,C007,1100.4,2026-03-08 04:38:00,Nagpur,B256,IMPS
T0822,C020,1097.15,2026-03-08 06:34:00,Nagpur,B061,ATM
T0941,C003,3174.73,2026-03-08 14:40:00,Nagpur,B123,NEFT
T0818,C049,3337.64,2026-03-08 20:00:00,Nagpur,B040,NEFT
T0842,C069,2233.1,2026-03-08 21:31:00,Nagpur,B142,IMPS
T0320,C031,3936.87,2026-03-09 00:30:00,Chennai,B197,UPI
T0312,C064,3521.93,2026-03-09 04:57:00,Jaipur,B137,UPI
T0201,C069,793.23,2026-03-09 10:22:00,Hyderabad,B300,IMPS
T0263,C058,380.51,2026-03-09 11:02:00,Hyderabad,B040,UPI
T0529,C089,4694.41,2026-03-09 12:29:00,Ahmedabad,B250,NEFT
T0056,C009,4420.5,2026-03-09 14:29:00,Hyderabad,B081,IMPS
T0291,C050,4973.72,2026-03-10 14:01:00,Bangalore,B015,NEFT
T0767,C095,2666.46,2026-03-11 00:00:00,Pune,B220,NEFT
T0377,C074,3447.79,2026-03-11 10:54:00,Kolkata,B177,ATM
T0179,C087,4324.84,2026-03-11 12:17:00,Chennai,B250,UPI
T0466,C088,3012.2,2026-03-11 12:33:00,Mumbai,B152,ATM
T0011,C030,4359.12,2026-03-11 12:47:00,Hyderabad,B233,NEFT
T0174,C091,4584.46,2026-03-11 17:37:00,Kolkata,B078,IMPS
T0190,C062,711.94,2026-03-11 18:12:00,Nagpur,B184,NEFT
T0777,C088,4451.17,2026-03-11 18:14:00,Mumbai,B198,NEFT
T0789,C098,4648.12,2026-03-11 18:25:00,Kolkata,B016,IMPS
T0021,C077,504.93,2026-03-11 19:19:00,Nagpur,B240,NEFT
T0699,C040,818.87,2026-03-12 03:45:00,Jaipur,B157,ATM
T0349,C007,1593.02,2026-03-12 06:22:00,Nagpur,B215,ATM
T0264,C079,3051.58,2026-03-12 07:49:00,Ahmedabad,B298,UPI
T0271,C013,2878.22,2026-03-12 16:55:00,Hyderabad,B130,ATM
T0998,C081,1436.86,2026-03-12 19:34:00,Pune,B285,NEFT
T0642,C012,3280.96,2026-03-12 21:07:00,Delhi,B190,IMPS
T0508,C089,878.52,2026-03-13 01:13:00,Kolkata,B071,IMPS
T0761,C096,3306.17,2026-03-13 03:04:00,Bangalore,B262,NEFT
T0273,C084,3552.7,2026-03-13 16:29:00,Delhi,B044,NEFT
T0586,C041,4645.0,2026-03-13 20:50:00,Chennai,B163,IMPS
T0973,C056,1590.96,2026-03-14 02:49:00,Delhi,B068,NEFT
T0648,C061,1634.49,2026-03-14 04:55:00,Pune,B258,ATM
T0290,C004,2191.51,2026-03-14 12:08:00,Jaipur,B192,ATM
T0452,C046,1483.16,2026-03-14 14:04:00,Mumbai,B192,IMPS
T0652,C012,2062.88,2026-03-14 16:04:00,Jaipur,B167,NEFT
T0641,C015,1680.1,2026-03-14 16:33:00,Ahmedabad,B251,NEFT
T0531,C009,4019.25,2026-03-14 17:38:00,Bangalore,B220,ATM
T0721,C024,746.39,2026-03-15 04:43:00,Ahmedabad,B140,IMPS
T0394,C066,1774.05,2026-03-15 07:16:00,Mumbai,B095,ATM
T0015,C005,4064.22,2026-03-15 08:42:00,Hyderabad,B034,ATM
T0421,C032,3754.6,2026-03-15 13:31:00,Ahmedabad,B120,ATM
T0657,C005,1026.56,2026-03-15 16:37:00,Delhi,B206,UPI
T0050,C087,4336.73,2026-03-15 20:07:00,Mumbai,B292,ATM
T0105,C086,3459.88,2026-03-15 22:29:00,Delhi,B240,ATM
T0398,C060,1672.67,2026-03-16 03:17:00,Jaipur,B160,UPI
T0838,C077,4408.48,2026-03-16 17:24:00,Hyderabad,B097,UPI
T0743,C092,3764.05,2026-03-16 19:52:00,Mumbai,B131,ATM
T0578,C020,230.61,2026-03-16 23:28:00,Pune,B120,NEFT
T0173,C030,4308.86,2026-03-17 02:42:00,Pune,B163,IMPS
T0911,C071,1993.49,2026-03-17 06:54:00,Jaipur,B224,IMPS
T0472,C050,259.23,2026-03-17 15:57:00,Kolkata,B044,ATM
T0227,C058,4462.84,2026-03-17 15:58:00,Chennai,B233,IMPS
T0439,C027,1979.38,2026-03-17 16:29:00,Pune,B289,ATM
T0954,C072,3796.13,2026-03-17 21:58:00,Mumbai,B296,NEFT
T0407,C059,833.33,2026-03-17 23:01:00,Ahmedabad,B289,UPI
T0365,C087,726.1,2026-03-18 03:53:00,Nagpur,B158,UPI
T0581,C068,4918.96,2026-03-18 18:12:00,Ahmedabad,B031,ATM
T0650,C025,805.69,2026-03-19 09:45:00,Mumbai,B223,ATM
T0979,C015,3424.39,2026-03-19 10:28:00,Chennai,B179,ATM
T0841,C047,711.6,2026-03-19 21:32:00,Nagpur,B130,NEFT
T0835,C006,3548.69,2026-03-20 10:08:00,Bangalore,B247,IMPS
T0978,C010,1478.03,2026-03-20 14:59:00,Chennai,B295,UPI
T0313,C094,2237.6,2026-03-20 17:21:00,Nagpur,B093,NEFT
T0478,C043,2313.07,2026-03-20 17:23:00,Nagpur,B070,NEFT
T0183,C038,1920.62,2026-03-20 17:41:00,Delhi,B126,IMPS
T0834,C100,3457.08,2026-03-20 21:14:00,Jaipur,B216,NEFT
T0456,C011,2599.32,2026-03-21 07:46:00,Chennai,B290,UPI
T0152,C065,2791.91,2026-03-22 00:35:00,Mumbai,B021,IMPS
T0032,C086,3319.41,2026-03-22 02:05:00,Jaipur,B232,UPI
T0319,C078,3454.83,2026-03-22 02:24:00,Pune,B065,UPI
T0268,C091,2301.24,2026-03-22 07:51:00,Jaipur,B268,ATM
T0726,C015,4460.45,2026-03-22 13:23:00,Pune,B033,NEFT
T0924,C050,3901.88,2026-03-22 23:19:00,Bangalore,B018,ATM
T0661,C039,4876.25,2026-03-22 23:58:00,Chennai,B138,IMPS
T0902,C032,3740.45,2026-03-23 00:11:00,Delhi,B068,ATM
T0325,C100,1449.39,2026-03-23 13:47:00,Bangalore,B147,IMPS
T0470,C012,1099.48,2026-03-24 01:01:00,Jaipur,B285,IMPS
T0282,C097,3792.98,2026-03-24 01:23:00,Bangalore,B274,ATM
T0649,C016,4756.42,2026-03-24 01:53:00,Delhi,B086,ATM
T0939,C009,2749.46,2026-03-24 03:23:00,Hyderabad,B135,NEFT
T0588,C020,707.16,2026-03-24 04:11:00,Ahmedabad,B161,IMPS
T0348,C060,788.11,2026-03-24 04:18:00,Bangalore,B073,UPI
T0321,C078,936.5,2026-03-24 05:44:00,Chennai,B191,IMPS
T0146,C021,212.84,2026-03-24 08:16:00,Nagpur,B241,NEFT
T0785,C034,2156.64,2026-03-24 10:59:00,Kolkata,B222,NEFT
T0751,C044,4858.36,2026-03-24 18:30:00,Delhi,B071,IMPS
T0816,C050,2454.44,2026-03-25 02:22:00,Pune,B021,NEFT
T0400,C018,2495.27,2026-03-25 03:49:00,Nagpur,B192,IMPS
T0447,C002,1249.85,2026-03-25 08:20:00,Chennai,B031,IMPS
T0716,C033,3292.82,2026-03-25 11:34:00,Hyderabad,B136,IMPS
T0877,C088,3924.34,2026-03-25 13:31:00,Mumbai,B266,IMPS
T0746,C099,4480.42,2026-03-25 14:21:00,Nagpur,B259,ATM
T0583,C090,4498.77,2026-03-25 19:02:00,Mumbai,B298,UPI
T0492,C058,1995.77,2026-03-26 15:09:00,Nagpur,B257,ATM
T0687,C034,3010.74,2026-03-26 18:12:00,Mumbai,B241,UPI
T0334,C083,555.99,2026-03-27 03:15:00,Jaipur,B177,ATM
T0100,C053,1788.23,2026-03-27 03:39:00,Kolkata,B032,ATM
T0438,C066,4437.5,2026-03-27 04:00:00,Mumbai,B241,NEFT
T0261,C020,2310.86,2026-03-27 16:44:00,Ahmedabad,B156,NEFT
T0138,C002,2955.51,2026-03-27 18:49:00,Ahmedabad,B226,NEFT
T0401,C090,2836.33,2026-03-28 01:04:00,Jaipur,B112,ATM
T0828,C028,2356.18,2026-03-28 03:38:00,Ahmedabad,B088,ATM
T0609,C008,4081.54,2026-03-28 04:49:00,Jaipur,B184,ATM
T0411,C009,4933.46,2026-03-28 06:30:00,Pune,B147,IMPS
T0130,C085,2991.47,2026-03-28 11:42:00,Jaipur,B272,NEFT
T0095,C021,3769.55,2026-03-28 17:53:00,Ahmedabad,B133,ATM
T0364,C091,2902.04,2026-03-28 18:50:00,Pune,B189,NEFT
T0931,C075,3960.68,2026-03-28 20:29:00,Nagpur,B080,NEFT
T0455,C049,2010.41,2026-03-28 23:41:00,Pune,B005,ATM
T0604,C053,4437.34,2026-03-29 12:55:00,Pune,B045,NEFT
T0379,C084,1430.93,2026-03-29 13:07:00,Bangalore,B104,NEFT
T0367,C093,446.5,2026-03-29 19:06:00,Delhi,B269,IMPS
T0713,C027,3503.38,2026-03-29 20:03:00,Chennai,B121,UPI
T0044,C022,2150.79,2026-03-29 23:05:00,Bangalore,B206,UPI
T0677,C039,3485.18,2026-03-30 00:44:00,Mumbai,B173,NEFT
T0729,C085,3687.93,2026-03-30 01:34:00,Chennai,B198,ATM
T0863,C076,4337.71,2026-03-30 01:45:00,Mumbai,B133,UPI
T0820,C045,2536.94,2026-03-30 02:22:00,Nagpur,B004,ATM
T0493,C045,4988.97,2026-03-30 05:15:00,Mumbai,B152,IMPS
T0343,C083,4791.92,2026-03-30 06:01:00,Bangalore,B208,NEFT
T0844,C048,2883.65,2026-03-30 09:34:00,Hyderabad,B158,NEFT
T0171,C020,2343.43,2026-03-30 12:07:00,Chennai,B171,IMPS
T0511,C046,4768.84,2026-03-30 13:17:00,Delhi,B100,IMPS
T0163,C057,4428.06,2026-03-30 13:44:00,Mumbai,B015,ATM
T0936,C033,4513.58,2026-03-30 16:19:00,Ahmedabad,B287,NEFT
T0104,C029,1510.09,2026-03-30 17:48:00,Pune,B200,NEFT
T0243,C057,3377.31,2026-03-30 17:53:00,Nagpur,B227,IMPS
T0804,C046,3918.88,2026-03-30 23:36:00,Jaipur,B056,ATM
T0976,C062,2884.62,2026-03-31 03:29:00,Kolkata,B293,ATM
T0513,C091,4231.48,2026-03-31 07:09:00,Delhi,B043,UPI
T0504,C034,3419.37,2026-03-31 10:35:00,Jaipur,B161,IMPS
T0443,C093,3280.13,2026-03-31 15:26:00,Ahmedabad,B087,NEFT
T0638,C074,2838.38,2026-03-31 16:59:00,Delhi,B028,NEFT
T0916,C035,3562.27,2026-03-31 21:33:00,Bangalore,B165,UPI
T0629,C022,4445.85,2026-04-01 02:18:00,Kolkata,B180,IMPS
T0474,C035,1645.43,2026-04-01 02:29:00,Delhi,B033,ATM
T0919,C012,923.28,2026-04-01 04:28:00,Bangalore,B176,IMPS
T0390,C083,2807.84,2026-04-01 05:56:00,Delhi,B259,IMPS
T0512,C072,2626.1,2026-04-01 10:33:00,Kolkata,B252,IMPS
T0158,C043,2175.9,2026-04-01 12:44:00,Hyderabad,B206,UPI
T0248,C042,775.92,2026-04-01 21:06:00,Kolkata,B090,ATM
T0166,C083,4194.29,2026-04-02 01:26:00,Hyderabad,B261,NEFT
T0920,C040,3971.48,2026-04-02 01:31:00,Chennai,B238,UPI
T0551,C050,741.17,2026-04-02 06:42:00,Nagpur,B037,UPI
T0567,C066,1928.59,2026-04-02 06:49:00,Nagpur,B086,NEFT
T0298,C015,4216.1,2026-04-02 07:47:00,Nagpur,B275,UPI
T0370,C089,1178.68,2026-04-02 16:28:00,Nagpur,B242,UPI
T0975,C034,608.38,2026-04-02 16:29:00,Kolkata,B067,ATM
T0573,C074,1989.48,2026-04-02 17:27:00,Pune,B092,ATM
T0607,C045,4580.85,2026-04-02 18:59:00,Chennai,B199,NEFT
T0956,C024,2839.83,2026-04-03 05:02:00,Chennai,B081,IMPS
T0667,C048,4152.83,2026-04-03 06:55:00,Kolkata,B064,UPI
T0055,C010,2780.65,2026-04-03 10:14:00,Hyderabad,B068,NEFT
T0664,C009,1693.39,2026-04-03 14:13:00,Kolkata,B070,UPI
T0080,C093,4520.22,2026-04-03 15:39:00,Hyderabad,B210,NEFT
T0262,C076,469.63,2026-04-03 16:35:00,Mumbai,B159,IMPS
T0748,C075,2518.07,2026-04-03 20:56:00,Delhi,B297,ATM
T0275,C083,3418.19,2026-04-03 21:37:00,Chennai,B010,NEFT
T0853,C005,3963.01,2026-04-04 06:37:00,Jaipur,B119,ATM
T0085,C057,3443.01,2026-04-04 09:21:00,Ahmedabad,B087,UPI
T0676,C075,691.1,2026-04-04 10:50:00,Chennai,B288,NEFT
T0244,C035,1234.73,2026-04-04 14:28:00,Mumbai,B177,IMPS
T0351,C098,964.84,2026-04-05 00:52:00,Ahmedabad,B256,NEFT
T0362,C020,3110.05,2026-04-05 04:16:00,Delhi,B168,NEFT
T0663,C095,2525.41,2026-04-05 08:37:00,Chennai,B029,ATM
T0728,C086,4391.09,2026-04-05 19:58:00,Jaipur,B049,IMPS
T0405,C022,1774.96,2026-04-06 01:24:00,Ahmedabad,B060,ATM
T0927,C096,4699.62,2026-04-06 03:57:00,Mumbai,B130,IMPS
T0817,C014,3577.93,2026-04-06 05:54:00,Hyderabad,B135,ATM
T0757,C055,4079.86,2026-04-06 11:50:00,Mumbai,B013,IMPS
T0301,C086,3407.43,2026-04-06 15:08:00,Chennai,B035,UPI
T0900,C004,3900.48,2026-04-06 17:18:00,Mumbai,B054,NEFT
T0988,C075,4548.99,2026-04-07 05:37:00,Pune,B131,ATM
T0285,C100,2032.99,2026-04-07 08:30:00,Kolkata,B083,ATM
T0995,C006,1387.48,2026-04-07 17:03:00,Hyderabad,B171,IMPS
T0225,C049,4974.21,2026-04-07 22:02:00,Hyderabad,B233,IMPS
T0381,C007,3415.2,2026-04-08 00:09:00,Bangalore,B120,UPI
T0914,C037,3312.59,2026-04-08 04:05:00,Hyderabad,B212,ATM
T0339,C081,1653.56,2026-04-08 10:48:00,Mumbai,B258,ATM
T0136,C039,267.91,2026-04-08 13:40:00,Delhi,B141,UPI
T0917,C020,438.23,2026-04-08 17:19:00,Pune,B096,UPI
T0074,C087,4909.52,2026-04-08 22:45:00,Chennai,B015,UPI
T0415,C016,1056.67,2026-04-09 03:19:00,Kolkata,B271,ATM
T0206,C013,1327.04,2026-04-09 04:34:00,Delhi,B199,IMPS
T0986,C043,1203.25,2026-04-09 06:34:00,Bangalore,B105,NEFT
T0036,C086,2529.99,2026-04-09 11:56:00,Delhi,B293,IMPS
T0110,C061,293.04,2026-04-09 12:45:00,Pune,B180,ATM
T0809,C070,4491.13,2026-04-09 13:53:00,Ahmedabad,B077,NEFT
T0098,C043,1734.61,2026-04-09 15:57:00,Mumbai,B071,ATM
T0216,C019,4940.13,2026-04-09 16:14:00,Hyderabad,B090,UPI
T0043,C007,3330.3,2026-04-09 17:51:00,Pune,B048,ATM
T0922,C100,2083.62,2026-04-10 05:14:00,Ahmedabad,B093,ATM
T0417,C060,3432.8,2026-04-10 10:43:00,Kolkata,B273,IMPS
T0103,C069,3788.08,2026-04-10 18:05:00,Nagpur,B113,IMPS
T0517,C098,3651.11,2026-04-10 19:03:00,Bangalore,B218,UPI
T0444,C022,871.8,2026-04-10 19:53:00,Ahmedabad,B095,UPI
T0904,C070,4687.32,2026-04-11 04:37:00,Ahmedabad,B070,ATM
T0295,C028,4207.82,2026-04-11 05:45:00,Nagpur,B271,IMPS
T0796,C097,4675.38,2026-04-11 05:58:00,Ahmedabad,B282,UPI
T1001,C001,1000.0,2026-04-11 08:00:00,Pune,B001,UPI
A001,C001,10000.0,2026-04-11 08:05:00,Pune,B002,UPI
T0030,C085,2481.36,2026-04-11 10:07:00,Delhi,B136,IMPS
T0957,C046,4531.93,2026-04-11 11:20:00,Chennai,B191,IMPS
T0594,C058,2868.58,2026-04-11 11:30:00,Bangalore,B049,IMPS
T0131,C055,4983.83,2026-04-11 12:41:00,Chennai,B181,IMPS
T0164,C091,960.22,2026-04-11 14:39:00,Pune,B283,IMPS
T0436,C051,4592.61,2026-04-11 20:04:00,Chennai,B145,IMPS
T0843,C097,1177.73,2026-04-11 20:10:00,Jaipur,B248,ATM
T0763,C088,1700.74,2026-04-11 20:16:00,Pune,B007,NEFT
T0548,C083,604.39,2026-04-12 01:49:00,Nagpur,B146,UPI
T0753,C092,3736.73,2026-04-12 02:38:00,Bangalore,B103,ATM
T0646,C097,3030.69,2026-04-12 02:43:00,Pune,B199,IMPS
T0330,C064,326.16,2026-04-12 04:33:00,Nagpur,B189,IMPS
T0081,C052,3546.6,2026-04-12 06:15:00,Delhi,B099,IMPS
T1002,C002,1000.0,2026-04-12 08:00:00,Pune,B001,UPI
A002,C002,10000.0,2026-04-12 08:05:00,Pune,B002,UPI
T0425,C039,1520.74,2026-04-12 16:20:00,Nagpur,B090,IMPS
T0736,C052,2179.23,2026-04-12 18:08:00,Jaipur,B001,UPI
T0499,C071,968.65,2026-04-13 06:01:00,Kolkata,B237,ATM
T1003,C003,1000.0,2026-04-13 08:00:00,Pune,B001,UPI
A003,C003,10000.0,2026-04-13 08:05:00,Pune,B002,UPI
T0203,C080,4444.33,2026-04-13 12:49:00,Chennai,B114,UPI
T0347,C098,1978.59,2026-04-13 13:53:00,Mumbai,B164,ATM
T0231,C076,4791.8,2026-04-13 14:01:00,Chennai,B063,IMPS
T0886,C063,1640.16,2026-04-13 16:01:00,Nagpur,B025,IMPS
T0429,C060,4590.76,2026-04-13 17:06:00,Kolkata,B214,ATM
T0482,C047,746.66,2026-04-13 23:30:00,Bangalore,B280,ATM
T0113,C061,3413.4,2026-04-14 00:01:00,Bangalore,B239,NEFT
T0260,C088,4635.94,2026-04-14 02:18:00,Nagpur,B166,NEFT
T0515,C022,3947.55,2026-04-14 07:21:00,Ahmedabad,B282,UPI
T1004,C004,1000.0,2026-04-14 08:00:00,Pune,B001,UPI
A004,C004,10000.0,2026-04-14 08:05:00,Pune,B002,UPI
T0238,C024,4375.34,2026-04-14 10:17:00,Kolkata,B036,ATM
T0813,C058,964.27,2026-04-14 10:27:00,Nagpur,B075,IMPS
T0461,C021,2907.0,2026-04-14 11:55:00,Kolkata,B277,NEFT
T0724,C076,2516.84,2026-04-14 21:45:00,Ahmedabad,B093,IMPS
T0965,C012,2938.34,2026-04-14 22:16:00,Bangalore,B040,NEFT
T0691,C044,2164.12,2026-04-14 23:45:00,Ahmedabad,B074,NEFT
T0756,C072,2505.78,2026-04-15 05:09:00,Kolkata,B274,NEFT
T1005,C005,1000.0,2026-04-15 08:00:00,Pune,B001,UPI
A005,C005,10000.0,2026-04-15 08:05:00,Pune,B002,UPI
T0265,C058,4563.44,2026-04-15 09:36:00,Bangalore,B165,IMPS
T0792,C016,400.51,2026-04-15 14:14:00,Nagpur,B202,UPI
T0235,C015,3860.51,2026-04-15 20:16:00,Bangalore,B220,UPI
T0861,C069,4103.11,2026-04-15 23:44:00,Hyderabad,B227,IMPS
T0333,C099,2165.28,2026-04-15 23:46:00,Mumbai,B065,NEFT
T0154,C087,4212.6,2026-04-16 01:04:00,Nagpur,B011,NEFT
T0972,C058,3813.63,2026-04-16 01:19:00,Jaipur,B047,ATM
T0089,C054,4453.46,2026-04-16 03:08:00,Bangalore,B197,IMPS
T0694,C098,3913.0,2026-04-16 05:48:00,Delhi,B251,UPI
T0967,C005,3707.79,2026-04-16 05:49:00,Kolkata,B041,UPI
T1006,C006,1000.0,2026-04-16 08:00:00,Pune,B001,UPI
A006,C006,10000.0,2026-04-16 08:05:00,Pune,B002,UPI
T0140,C052,2560.38,2026-04-16 09:02:00,Pune,B078,ATM
T1007,C007,1000.0,2026-04-17 08:00:00,Pune,B001,UPI
A007,C007,10000.0,2026-04-17 08:05:00,Pune,B002,UPI
T0156,C036,1071.15,2026-04-17 21:20:00,Kolkata,B252,UPI
T0214,C098,2860.2,2026-04-18 01:56:00,Bangalore,B120,NEFT
T0558,C069,1768.4,2026-04-18 02:10:00,Mumbai,B159,IMPS
T1008,C008,1000.0,2026-04-18 08:00:00,Pune,B001,UPI
T0335,C100,2846.26,2026-04-18 08:04:00,Delhi,B067,IMPS
A008,C008,10000.0,2026-04-18 08:05:00,Pune,B002,UPI
T0825,C006,813.85,2026-04-19 04:00:00,Delhi,B069,UPI
T0612,C023,1045.28,2026-04-19 04:45:00,Chennai,B184,UPI
T1009,C009,1000.0,2026-04-19 08:00:00,Pune,B001,UPI
A009,C009,10000.0,2026-04-19 08:05:00,Pune,B002,UPI
T0220,C100,1937.79,2026-04-19 09:45:00,Mumbai,B232,ATM
T0420,C027,523.0,2026-04-19 10:58:00,Pune,B229,UPI
T0668,C031,1987.84,2026-04-19 11:24:00,Ahmedabad,B091,IMPS
T0651,C081,909.82,2026-04-19 15:48:00,Hyderabad,B164,UPI
T0608,C024,325.1,2026-04-20 00:50:00,Bangalore,B016,NEFT
T0279,C099,3166.55,2026-04-20 01:24:00,Kolkata,B079,ATM
T0486,C010,2355.52,2026-04-20 04:24:00,Ahmedabad,B299,IMPS
T1010,C010,1000.0,2026-04-20 08:00:00,Pune,B001,UPI
A010,C010,10000.0,2026-04-20 08:05:00,Pune,B002,UPI
T0360,C097,892.48,2026-04-21 00:12:00,Jaipur,B206,UPI
T0432,C049,3433.63,2026-04-21 02:12:00,Pune,B038,ATM
T0114,C099,1970.7,2026-04-21 15:11:00,Nagpur,B059,ATM
T0084,C056,3971.64,2026-04-21 18:32:00,Chennai,B239,IMPS
T0193,C100,4034.53,2026-04-21 20:18:00,Chennai,B113,ATM
T0711,C014,2589.15,2026-04-22 04:46:00,Bangalore,B135,ATM
T0144,C073,3180.93,2026-04-22 07:31:00,Mumbai,B107,ATM
T0124,C097,2430.6,2026-04-22 10:34:00,Kolkata,B173,UPI
T0057,C070,3576.99,2026-04-22 16:27:00,Jaipur,B005,NEFT
T0560,C056,756.74,2026-04-22 19:09:00,Nagpur,B029,NEFT
T0730,C072,4481.9,2026-04-22 21:51:00,Pune,B006,ATM
T0363,C021,2086.18,2026-04-23 13:31:00,Hyderabad,B173,IMPS
T0603,C005,3147.71,2026-04-23 15:36:00,Bangalore,B152,IMPS
T0710,C014,2655.61,2026-04-23 18:45:00,Mumbai,B145,UPI
T0242,C020,955.57,2026-04-23 19:22:00,Pune,B042,NEFT
T0342,C099,2946.26,2026-04-23 20:33:00,Pune,B255,NEFT
T0142,C078,3061.41,2026-04-23 21:54:00,Bangalore,B268,IMPS
T0051,C075,3053.69,2026-04-24 02:07:00,Mumbai,B215,NEFT
T0185,C079,4380.03,2026-04-24 03:33:00,Bangalore,B255,ATM
T0112,C026,4228.3,2026-04-24 10:39:00,Delhi,B123,ATM
T0709,C085,2697.48,2026-04-24 17:02:00,Nagpur,B071,IMPS
T0947,C085,2551.57,2026-04-24 22:10:00,Nagpur,B132,UPI
T0913,C034,580.21,2026-04-25 04:04:00,Bangalore,B265,NEFT
T0806,C034,3721.01,2026-04-25 09:44:00,Mumbai,B039,UPI
T0566,C092,4880.24,2026-04-25 13:43:00,Mumbai,B255,IMPS
T0259,C023,4766.2,2026-04-25 15:33:00,Ahmedabad,B238,IMPS
T0545,C045,3667.67,2026-04-25 16:07:00,Delhi,B211,IMPS
T0555,C051,2631.73,2026-04-25 18:16:00,Jaipur,B213,IMPS
T0446,C053,859.96,2026-04-26 03:34:00,Bangalore,B035,ATM
T0905,C076,3068.4,2026-04-26 05:05:00,Nagpur,B223,NEFT
T0180,C080,528.42,2026-04-26 05:35:00,Hyderabad,B117,UPI
T0086,C037,2674.17,2026-04-26 13:21:00,Nagpur,B172,UPI
T0695,C017,3149.5,2026-04-26 15:44:00,Kolkata,B207,IMPS
T0464,C100,1766.61,2026-04-26 18:31:00,Hyderabad,B231,IMPS
T0338,C011,1402.91,2026-04-26 22:36:00,Jaipur,B141,ATM
T0509,C055,1091.62,2026-04-27 00:32:00,Jaipur,B089,ATM
T0755,C065,2803.96,2026-04-27 06:33:00,Chennai,B060,NEFT
T0737,C078,4823.22,2026-04-27 09:26:00,Hyderabad,B261,ATM
T0827,C077,4852.37,2026-04-27 09:48:00,Pune,B146,UPI
T0940,C059,203.46,2026-04-27 11:34:00,Jaipur,B195,ATM
T0212,C085,1218.11,2026-04-27 17:59:00,Nagpur,B011,UPI
T0252,C074,2141.23,2026-04-27 20:49:00,Kolkata,B149,UPI
T0556,C090,2130.93,2026-04-27 22:33:00,Jaipur,B276,ATM
T0802,C029,3618.56,2026-04-27 23:51:00,Kolkata,B142,NEFT
T0776,C058,1353.67,2026-04-28 06:05:00,Nagpur,B125,UPI
T0733,C065,1268.99,2026-04-28 10:41:00,Kolkata,B207,ATM
T0597,C088,3225.43,2026-04-28 16:40:00,Mumbai,B299,NEFT
T0053,C051,828.22,2026-04-28 20:14:00,Hyderabad,B235,NEFT
T0267,C092,604.78,2026-04-28 22:58:00,Delhi,B021,ATM
T0550,C096,2080.4,2026-04-28 23:09:00,Pune,B123,IMPS
T0149,C015,2813.9,2026-04-29 05:33:00,Delhi,B137,ATM
T0992,C038,4363.57,2026-04-29 13:19:00,Kolkata,B119,IMPS
T0004,C072,1154.42,2026-04-29 15:23:00,Jaipur,B215,ATM
T0454,C084,4960.04,2026-04-29 15:25:00,Pune,B048,IMPS
T0292,C013,4228.05,2026-04-29 15:43:00,Chennai,B075,ATM
T0704,C016,1959.64,2026-04-29 18:15:00,Pune,B193,NEFT
T0969,C099,1288.24,2026-04-30 04:02:00,Nagpur,B006,IMPS
T0039,C094,460.02,2026-04-30 06:59:00,Mumbai,B032,IMPS
T0685,C088,4518.04,2026-04-30 11:16:00,Mumbai,B114,NEFT
T0840,C067,234.53,2026-04-30 11:45:00,Bangalore,B162,IMPS
T0656,C053,1467.86,2026-04-30 12:48:00,Ahmedabad,B293,IMPS
T0901,C080,945.32,2026-04-30 13:00:00,Kolkata,B159,ATM
T0980,C042,1853.72,2026-04-30 15:31:00,Pune,B157,ATM
T0090,C052,1371.13,2026-04-30 18:21:00,Pune,B055,IMPS
T0610,C021,680.64,2026-04-30 21:53:00,Bangalore,B137,UPI
T0953,C025,1126.97,2026-04-30 21:56:00,Bangalore,B292,ATM
T0852,C002,1168.19,2026-04-30 21:58:00,Jaipur,B147,ATM
T0072,C030,1270.03,2026-05-01 11:43:00,Bangalore,B205,NEFT
T0991,C085,4290.0,2026-05-01 12:01:00,Chennai,B056,UPI
T0010,C091,533.86,2026-05-01 17:06:00,Bangalore,B149,UPI
T0118,C045,2757.18,2026-05-01 18:13:00,Chennai,B036,NEFT
T0719,C002,4289.59,2026-05-02 02:14:00,Delhi,B169,NEFT
T0272,C043,591.21,2026-05-02 03:21:00,Delhi,B180,NEFT
T0079,C056,535.87,2026-05-02 06:05:00,Chennai,B161,UPI
T0537,C033,595.62,2026-05-02 07:16:00,Delhi,B027,IMPS
T0489,C099,1391.51,2026-05-02 08:05:00,Chennai,B086,UPI
T0955,C087,2401.86,2026-05-02 10:29:00,Kolkata,B054,ATM
T0781,C081,514.26,2026-05-03 08:44:00,Bangalore,B218,UPI
T0798,C043,1914.26,2026-05-03 12:56:00,Bangalore,B052,NEFT
T0433,C098,3020.4,2026-05-03 13:36:00,Jaipur,B112,IMPS
T0506,C080,1028.13,2026-05-03 22:57:00,Hyderabad,B044,ATM
T0281,C006,2172.12,2026-05-04 11:04:00,Bangalore,B228,NEFT
T0002,C018,3735.06,2026-05-04 12:32:00,Jaipur,B045,IMPS
T0791,C082,891.56,2026-05-04 15:07:00,Chennai,B006,ATM
T0082,C086,4713.75,2026-05-04 15:14:00,Delhi,B292,NEFT
T0490,C073,4921.32,2026-05-04 15:55:00,Kolkata,B170,IMPS
T0187,C060,4525.81,2026-05-04 16:31:00,Jaipur,B081,UPI
T0671,C029,3307.42,2026-05-04 16:53:00,Bangalore,B138,IMPS
T0245,C015,1559.58,2026-05-04 20:21:00,Nagpur,B250,NEFT
T0524,C066,4930.34,2026-05-04 23:54:00,Mumbai,B070,IMPS
T0540,C076,1285.72,2026-05-05 02:53:00,Ahmedabad,B005,UPI
T0601,C064,341.52,2026-05-05 17:00:00,Kolkata,B089,NEFT
T0473,C074,2701.3,2026-05-06 02:11:00,Kolkata,B087,ATM
T0210,C047,676.9,2026-05-06 03:46:00,Chennai,B279,NEFT
T0754,C080,3629.05,2026-05-06 07:51:00,Chennai,B068,ATM
T0229,C048,4777.24,2026-05-06 08:46:00,Ahmedabad,B035,UPI
T0060,C092,1845.83,2026-05-06 11:43:00,Hyderabad,B259,IMPS
T0909,C061,2768.47,2026-05-06 12:54:00,Ahmedabad,B245,NEFT
T0151,C057,796.9,2026-05-06 16:52:00,Hyderabad,B207,NEFT
T0935,C094,1126.23,2026-05-06 19:22:00,Kolkata,B184,ATM
T0128,C072,3839.19,2026-05-07 01:19:00,Ahmedabad,B252,IMPS
T0178,C034,1825.09,2026-05-07 10:28:00,Kolkata,B042,NEFT
T0397,C034,3337.68,2026-05-07 10:45:00,Bangalore,B032,UPI
T0479,C042,3095.41,2026-05-07 21:46:00,Bangalore,B246,NEFT
T0453,C059,2912.01,2026-05-08 06:16:00,Bangalore,B154,UPI
T0137,C007,2856.12,2026-05-08 07:03:00,Delhi,B252,UPI
T0450,C003,2610.64,2026-05-08 08:59:00,Kolkata,B092,UPI
T0538,C081,1666.44,2026-05-08 15:54:00,Bangalore,B220,UPI
T0410,C006,2233.75,2026-05-08 20:01:00,Mumbai,B278,UPI
T0070,C035,964.15,2026-05-08 23:55:00,Mumbai,B196,UPI
T0782,C027,2781.22,2026-05-09 06:19:00,Kolkata,B037,ATM
T0856,C067,273.76,2026-05-09 10:10:00,Mumbai,B047,NEFT
T0727,C084,1708.34,2026-05-09 14:18:00,Jaipur,B296,ATM
T0375,C091,1194.93,2026-05-09 16:08:00,Ahmedabad,B163,IMPS
T0063,C095,2320.81,2026-05-09 19:06:00,Kolkata,B288,UPI
T0147,C005,1311.09,2026-05-10 00:44:00,Hyderabad,B233,UPI
T0621,C084,1722.96,2026-05-10 01:43:00,Jaipur,B183,ATM
T0497,C039,414.48,2026-05-10 17:26:00,Mumbai,B012,NEFT
T0287,C071,4684.61,2026-05-10 20:09:00,Jaipur,B064,NEFT
T0223,C088,718.22,2026-05-11 00:31:00,Ahmedabad,B038,UPI
T0097,C036,2311.39,2026-05-11 05:31:00,Hyderabad,B121,NEFT
T0361,C006,386.79,2026-05-11 05:43:00,Chennai,B243,IMPS
T0571,C071,4054.95,2026-05-11 07:36:00,Kolkata,B115,NEFT
T0918,C037,1492.14,2026-05-11 12:44:00,Ahmedabad,B005,ATM
T0052,C034,1180.44,2026-05-11 17:05:00,Chennai,B123,NEFT
T0382,C013,2183.85,2026-05-11 22:11:00,Ahmedabad,B052,ATM
T0948,C047,1259.47,2026-05-12 00:18:00,Mumbai,B007,ATM
T0332,C051,4998.06,2026-05-12 04:47:00,Ahmedabad,B270,IMPS
T0823,C054,4093.63,2026-05-12 10:50:00,Mumbai,B247,IMPS
T0572,C032,2198.03,2026-05-12 10:59:00,Chennai,B139,UPI
T0476,C033,4732.27,2026-05-12 13:39:00,Ahmedabad,B101,IMPS
T0496,C061,668.59,2026-05-12 18:26:00,Ahmedabad,B164,UPI
T0024,C059,215.58,2026-05-12 18:52:00,Hyderabad,B257,ATM
T0449,C002,280.29,2026-05-12 19:18:00,Hyderabad,B275,NEFT
T0850,C011,3123.34,2026-05-13 05:21:00,Kolkata,B206,NEFT
T0134,C095,2524.15,2026-05-13 05:45:00,Nagpur,B269,NEFT
T0431,C048,643.83,2026-05-13 05:45:00,Bangalore,B027,NEFT
T0257,C100,1877.0,2026-05-13 17:58:00,Delhi,B121,UPI
T0076,C077,2285.91,2026-05-13 23:03:00,Chennai,B224,UPI
T0987,C071,2518.53,2026-05-14 05:05:00,Delhi,B010,IMPS
T0122,C060,2290.76,2026-05-14 09:54:00,Nagpur,B138,NEFT
T0423,C030,4115.77,2026-05-14 12:02:00,Nagpur,B164,NEFT
T0698,C087,219.79,2026-05-14 21:09:00,Bangalore,B116,NEFT
T0977,C072,3156.78,2026-05-15 06:10:00,Jaipur,B127,ATM
T0845,C100,3586.37,2026-05-15 06:40:00,Delhi,B061,ATM
T0747,C064,220.82,2026-05-15 08:34:00,Pune,B284,IMPS
T0069,C053,318.97,2026-05-15 10:05:00,Chennai,B211,ATM
T0681,C054,2142.07,2026-05-15 10:49:00,Pune,B299,ATM
T0912,C032,983.69,2026-05-15 12:31:00,Kolkata,B194,ATM
T0765,C097,3024.25,2026-05-15 18:20:00,Nagpur,B101,ATM
T0718,C087,1700.99,2026-05-15 18:43:00,Mumbai,B049,UPI
T0561,C086,3760.13,2026-05-16 03:59:00,Delhi,B062,UPI
T0684,C013,2459.75,2026-05-16 05:07:00,Hyderabad,B287,ATM
T0836,C045,3027.43,2026-05-16 07:11:00,Nagpur,B051,IMPS
T0793,C040,1208.25,2026-05-16 07:21:00,Chennai,B109,IMPS
T0001,C082,734.39,2026-05-16 07:53:00,Hyderabad,B126,ATM
T0250,C010,2105.94,2026-05-16 10:01:00,Pune,B224,UPI
T0207,C048,3418.33,2026-05-16 14:49:00,Jaipur,B215,ATM
T0898,C085,1407.91,2026-05-16 18:02:00,Mumbai,B108,ATM
T0888,C081,662.25,2026-05-16 21:10:00,Chennai,B134,NEFT
T0974,C011,2484.1,2026-05-17 00:19:00,Pune,B281,IMPS
T0625,C064,875.09,2026-05-17 00:27:00,Mumbai,B122,NEFT
T0409,C033,4118.98,2026-05-17 02:28:00,Bangalore,B297,UPI
T0752,C078,3560.07,2026-05-17 13:55:00,Jaipur,B154,NEFT
T0866,C012,2114.87,2026-05-17 15:30:00,Chennai,B039,ATM
T0318,C047,2662.81,2026-05-17 20:21:00,Delhi,B016,ATM
T0921,C043,585.07,2026-05-17 23:17:00,Delhi,B029,NEFT
T0518,C095,4184.34,2026-05-18 02:40:00,Bangalore,B153,UPI
T0031,C028,4658.78,2026-05-18 19:48:00,Bangalore,B160,IMPS
T0194,C080,1403.01,2026-05-18 21:10:00,Delhi,B050,UPI
T0384,C062,3322.59,2026-05-18 22:37:00,Hyderabad,B165,NEFT
T0155,C074,393.11,2026-05-19 00:11:00,Delhi,B241,IMPS
T0697,C002,4481.63,2026-05-19 02:43:00,Jaipur,B098,UPI
T0181,C056,4896.02,2026-05-19 18:06:00,Mumbai,B228,ATM
T0469,C040,2334.73,2026-05-19 22:22:00,Hyderabad,B053,ATM
T0814,C046,394.02,2026-05-19 22:55:00,Ahmedabad,B119,UPI
T0943,C068,3479.48,2026-05-20 17:32:00,Jaipur,B079,NEFT
T0412,C024,3891.07,2026-05-20 17:57:00,Kolkata,B192,IMPS
T0837,C018,1421.69,2026-05-20 18:05:00,Bangalore,B043,NEFT
T0385,C083,483.98,2026-05-21 06:36:00,Mumbai,B294,ATM
T0101,C054,2069.49,2026-05-21 11:17:00,Nagpur,B011,IMPS
T0280,C024,4190.46,2026-05-21 16:58:00,Nagpur,B085,IMPS
T0373,C070,1900.58,2026-05-21 20:52:00,Hyderabad,B248,ATM
T0810,C051,1271.87,2026-05-21 21:33:00,Nagpur,B149,ATM
T0770,C042,3065.03,2026-05-22 04:10:00,Nagpur,B155,IMPS
T0530,C075,211.87,2026-05-22 06:14:00,Mumbai,B235,NEFT
T0516,C074,748.19,2026-05-22 10:31:00,Jaipur,B188,UPI
T0096,C082,1531.09,2026-05-22 21:42:00,Jaipur,B249,ATM
T0192,C073,4352.32,2026-05-23 00:29:00,Pune,B255,NEFT
T0715,C020,4757.34,2026-05-23 05:48:00,Jaipur,B039,UPI
T0672,C066,296.25,2026-05-23 09:11:00,Pune,B243,ATM
T0764,C026,3178.7,2026-05-23 11:54:00,Ahmedabad,B116,NEFT
T0221,C079,408.15,2026-05-23 21:58:00,Jaipur,B155,IMPS
T0283,C040,4834.86,2026-05-24 02:57:00,Ahmedabad,B100,NEFT
T0521,C022,3157.53,2026-05-24 05:03:00,Bangalore,B106,UPI
T0772,C024,2698.91,2026-05-24 11:12:00,Jaipur,B082,IMPS
T0533,C073,4291.63,2026-05-24 20:09:00,Chennai,B025,UPI
T0303,C096,277.96,2026-05-24 21:05:00,Mumbai,B177,ATM
T0630,C013,4178.27,2026-05-24 22:00:00,Nagpur,B116,ATM
T0930,C075,774.32,2026-05-24 23:49:00,Bangalore,B005,UPI
T0989,C008,1563.26,2026-05-25 00:01:00,Nagpur,B139,UPI
T0270,C087,3069.85,2026-05-25 00:11:00,Chennai,B034,NEFT
T0169,C009,1525.99,2026-05-25 03:35:00,Kolkata,B175,NEFT
T0200,C072,1955.72,2026-05-25 06:32:00,Kolkata,B008,NEFT
T0307,C038,1167.64,2026-05-25 08:24:00,Bangalore,B022,NEFT
T0274,C072,2008.06,2026-05-25 10:49:00,Chennai,B066,UPI
T0150,C010,486.26,2026-05-25 15:02:00,Hyderabad,B292,NEFT
T0297,C031,2215.16,2026-05-25 20:35:00,Nagpur,B235,UPI
T0829,C053,3084.03,2026-05-25 23:43:00,Nagpur,B094,NEFT
T0359,C013,2090.74,2026-05-26 00:57:00,Chennai,B286,NEFT
T0910,C002,3876.17,2026-05-26 14:21:00,Hyderabad,B119,UPI
T0722,C089,4283.22,2026-05-26 22:48:00,Kolkata,B086,UPI
T0884,C049,1141.1,2026-05-26 23:25:00,Delhi,B243,UPI
T0498,C083,724.94,2026-05-26 23:28:00,Delhi,B125,ATM
T0673,C083,1031.36,2026-05-27 03:01:00,Pune,B115,NEFT
T0734,C011,2403.65,2026-05-27 04:45:00,Nagpur,B230,UPI
T0981,C045,3157.86,2026-05-27 11:28:00,Ahmedabad,B075,IMPS
T0883,C013,3659.91,2026-05-27 17:06:00,Bangalore,B285,IMPS
T0078,C001,2695.62,2026-05-28 03:41:00,Jaipur,B101,NEFT
T0408,C072,2419.42,2026-05-28 05:28:00,Hyderabad,B012,IMPS
T0037,C032,3966.17,2026-05-28 08:00:00,Kolkata,B098,UPI
T0005,C058,3028.48,2026-05-28 16:27:00,Pune,B082,IMPS
T0488,C047,3567.84,2026-05-29 04:58:00,Jaipur,B044,UPI
T0807,C065,3231.81,2026-05-29 06:29:00,Nagpur,B297,IMPS
T0308,C040,2673.84,2026-05-29 18:33:00,Jaipur,B243,NEFT
T0071,C061,1267.68,2026-05-29 23:43:00,Ahmedabad,B180,NEFT
T0584,C065,840.87,2026-05-30 14:28:00,Kolkata,B039,UPI
T0593,C087,1634.44,2026-05-30 15:01:00,Delhi,B016,IMPS
T0460,C097,4139.32,2026-05-30 18:34:00,Kolkata,B040,NEFT
T0119,C002,4277.96,2026-05-31 00:49:00,Ahmedabad,B055,IMPS
T0563,C067,2682.67,2026-05-31 01:35:00,Hyderabad,B086,NEFT
T0198,C022,1433.46,2026-05-31 11:07:00,Ahmedabad,B152,NEFT
T0358,C098,2839.31,2026-05-31 13:50:00,Nagpur,B061,ATM
T0966,C062,1029.93,2026-05-31 15:33:00,Nagpur,B049,NEFT
T0958,C098,3239.56,2026-05-31 17:31:00,Chennai,B124,ATM
T0923,C033,4122.8,2026-06-01 02:41:00,Pune,B063,ATM
T0532,C064,1488.98,2026-06-01 03:05:00,Hyderabad,B173,ATM
T0526,C019,3614.7,2026-06-01 03:41:00,Bangalore,B202,IMPS
T0120,C047,3250.81,2026-06-01 04:40:00,Ahmedabad,B079,IMPS
T0599,C012,4544.37,2026-06-01 07:30:00,Chennai,B063,UPI
T0236,C078,4659.6,2026-06-01 07:58:00,Hyderabad,B015,ATM
T0293,C005,1577.02,2026-06-01 09:17:00,Ahmedabad,B072,IMPS
T0665,C023,1125.26,2026-06-01 23:07:00,Bangalore,B030,ATM
T0208,C054,3343.63,2026-06-02 02:27:00,Ahmedabad,B209,NEFT
T0416,C094,4897.88,2026-06-02 07:23:00,Pune,B012,NEFT
T0278,C065,3900.2,2026-06-02 08:41:00,Jaipur,B020,NEFT
T0870,C026,4207.71,2026-06-02 14:00:00,Nagpur,B183,ATM
T0614,C073,4752.17,2026-06-02 15:35:00,Ahmedabad,B278,NEFT
T0534,C013,3205.66,2026-06-02 15:36:00,Ahmedabad,B009,UPI
T0165,C012,1278.56,2026-06-03 12:09:00,Mumbai,B237,UPI
T0805,C083,3111.81,2026-06-03 13:50:00,Hyderabad,B072,ATM
T0354,C064,3068.09,2026-06-03 18:27:00,Ahmedabad,B147,UPI
T0189,C089,1400.47,2026-06-04 05:11:00,Hyderabad,B102,IMPS
T0631,C058,553.81,2026-06-04 07:11:00,Pune,B151,UPI
T0061,C033,4545.62,2026-06-04 08:41:00,Pune,B048,IMPS
T0445,C068,362.35,2026-06-04 11:16:00,Mumbai,B025,UPI
T0007,C049,664.24,2026-06-04 14:45:00,Chennai,B136,UPI
T0908,C067,4113.82,2026-06-04 16:44:00,Delhi,B177,NEFT
T0092,C072,1396.15,2026-06-04 18:26:00,Mumbai,B234,ATM
T0580,C098,3355.06,2026-06-04 21:21:00,Hyderabad,B054,ATM
T0117,C090,3907.91,2026-06-05 02:59:00,Nagpur,B062,UPI
T0386,C069,3745.7,2026-06-05 03:09:00,Pune,B090,IMPS
T0731,C065,4274.46,2026-06-05 09:52:00,Ahmedabad,B085,UPI
T0744,C025,779.58,2026-06-05 11:17:00,Kolkata,B111,IMPS
T0326,C026,788.66,2026-06-05 14:03:00,Mumbai,B232,ATM
T0897,C053,1003.13,2026-06-05 20:06:00,Pune,B065,ATM
T0690,C053,459.5,2026-06-05 20:13:00,Delhi,B071,ATM
T0660,C036,4245.66,2026-06-06 13:41:00,Mumbai,B117,ATM
T0040,C094,1828.65,2026-06-07 04:42:00,Mumbai,B128,ATM
T0009,C081,3168.89,2026-06-07 04:51:00,Chennai,B296,ATM
T0879,C042,1935.69,2026-06-07 05:26:00,Hyderabad,B096,NEFT
T0251,C059,4621.58,2026-06-07 06:36:00,Chennai,B295,IMPS
T0519,C058,1461.51,2026-06-07 07:00:00,Mumbai,B225,UPI
T0525,C008,4963.93,2026-06-08 04:11:00,Delhi,B068,ATM
T0890,C053,781.94,2026-06-08 05:35:00,Nagpur,B102,ATM
T0689,C025,2602.29,2026-06-08 06:09:00,Kolkata,B272,NEFT
T0984,C080,4648.3,2026-06-08 11:38:00,Hyderabad,B008,NEFT
T0172,C059,4677.69,2026-06-08 15:20:00,Bangalore,B123,IMPS
T0025,C065,4580.61,2026-06-08 19:21:00,Hyderabad,B260,ATM
T0255,C068,577.51,2026-06-08 19:22:00,Hyderabad,B174,ATM
T0869,C031,3730.06,2026-06-09 05:04:00,Hyderabad,B106,ATM
T0402,C088,3822.75,2026-06-09 06:47:00,Mumbai,B270,IMPS
T0564,C017,3798.93,2026-06-09 08:12:00,Hyderabad,B061,UPI
T0653,C067,2399.15,2026-06-09 08:13:00,Pune,B268,IMPS
T0536,C084,1648.95,2026-06-09 12:24:00,Hyderabad,B048,NEFT
T0414,C088,4827.89,2026-06-09 12:59:00,Jaipur,B069,NEFT
T0197,C017,3975.26,2026-06-09 21:18:00,Chennai,B272,NEFT
T0579,C082,4229.96,2026-06-10 00:32:00,Pune,B172,UPI
T0028,C031,478.04,2026-06-10 04:04:00,Nagpur,B041,UPI
T0058,C085,697.22,2026-06-10 04:35:00,Delhi,B136,UPI
T0968,C099,1805.07,2026-06-10 11:52:00,Kolkata,B214,UPI
T0528,C010,3241.41,2026-06-10 13:19:00,Mumbai,B207,NEFT
T0126,C034,1833.63,2026-06-10 14:10:00,Nagpur,B142,UPI
T0355,C014,2268.45,2026-06-10 23:30:00,Hyderabad,B188,IMPS
T0064,C015,561.17,2026-06-11 02:21:00,Delhi,B280,UPI
T0331,C071,822.9,2026-06-11 07:19:00,Mumbai,B034,NEFT
T0626,C041,1005.86,2026-06-11 12:01:00,Mumbai,B172,IMPS
T0635,C084,991.99,2026-06-12 07:23:00,Kolkata,B081,UPI
T0949,C084,2558.75,2026-06-12 07:27:00,Mumbai,B240,UPI
T0961,C067,848.41,2026-06-12 09:53:00,Hyderabad,B004,NEFT
T0328,C071,2802.42,2026-06-12 14:17:00,Hyderabad,B081,ATM
T0094,C079,4112.03,2026-06-12 17:17:00,Jaipur,B219,IMPS
T0634,C077,4929.33,2026-06-12 22:33:00,Ahmedabad,B016,IMPS
T0742,C090,710.35,2026-06-13 14:30:00,Delhi,B253,ATM
T0999,C029,928.2,2026-06-13 15:49:00,Kolkata,B071,UPI
T0018,C096,3006.01,2026-06-13 18:38:00,Nagpur,B205,NEFT
T0873,C080,1714.0,2026-06-13 19:57:00,Nagpur,B141,IMPS
T0779,C063,410.49,2026-06-13 20:39:00,Bangalore,B165,UPI
T0215,C100,908.26,2026-06-14 06:28:00,Nagpur,B002,NEFT
T0294,C058,3153.67,2026-06-15 05:45:00,Mumbai,B010,NEFT
T0808,C099,3032.17,2026-06-15 07:42:00,Pune,B283,NEFT
T0413,C058,4374.18,2026-06-15 09:43:00,Kolkata,B193,UPI
T0714,C002,3423.84,2026-06-15 10:13:00,Mumbai,B294,IMPS
T0106,C080,2763.79,2026-06-15 10:25:00,Kolkata,B289,UPI
T0204,C082,4154.51,2026-06-15 21:10:00,Hyderabad,B210,UPI
T0868,C096,3478.92,2026-06-15 23:32:00,Bangalore,B256,ATM
T0176,C057,678.62,2026-06-16 01:46:00,Ahmedabad,B008,ATM
T0289,C056,640.23,2026-06-16 02:03:00,Bangalore,B231,NEFT
T0316,C006,3688.71,2026-06-16 06:52:00,Chennai,B223,NEFT
T0324,C064,2685.18,2026-06-16 15:19:00,Jaipur,B061,NEFT
T0857,C093,4182.87,2026-06-16 21:44:00,Nagpur,B179,NEFT
T0750,C054,4901.6,2026-06-17 01:40:00,Bangalore,B141,IMPS
T0874,C024,4925.09,2026-06-17 02:05:00,Jaipur,B144,IMPS
T0618,C019,3015.72,2026-06-17 07:24:00,Delhi,B057,NEFT
T0666,C005,2390.95,2026-06-17 10:56:00,Chennai,B102,NEFT
T0617,C044,3641.3,2026-06-17 14:12:00,Chennai,B031,UPI
T0871,C100,712.11,2026-06-17 20:21:00,Mumbai,B253,UPI
T0570,C061,1947.09,2026-06-17 20:31:00,Delhi,B092,UPI
T0487,C069,2631.74,2026-06-17 21:15:00,Kolkata,B279,UPI
T0624,C024,3091.47,2026-06-18 00:04:00,Nagpur,B114,UPI
T0042,C060,1399.07,2026-06-18 09:48:00,Mumbai,B227,UPI
T0600,C060,443.06,2026-06-18 13:35:00,Nagpur,B222,IMPS
T0068,C080,3797.49,2026-06-18 20:43:00,Bangalore,B084,ATM
T0388,C096,4818.23,2026-06-18 21:55:00,Hyderabad,B020,UPI
T0959,C049,3875.4,2026-06-18 22:23:00,Hyderabad,B185,IMPS
T0762,C089,3389.57,2026-06-18 23:52:00,Kolkata,B199,IMPS
T0889,C047,2889.68,2026-06-19 23:17:00,Hyderabad,B177,UPI
T0066,C040,1950.33,2026-06-20 04:43:00,Pune,B184,ATM
T0350,C021,4104.69,2026-06-20 07:37:00,Nagpur,B161,ATM
T0376,C045,2890.34,2026-06-20 10:49:00,Hyderabad,B148,UPI
T0647,C069,3497.93,2026-06-20 19:01:00,Ahmedabad,B294,ATM
T0769,C043,2438.39,2026-06-20 23:58:00,Delhi,B021,ATM
T0950,C047,2878.5,2026-06-21 03:14:00,Kolkata,B189,UPI
T0896,C057,3948.68,2026-06-21 05:32:00,Chennai,B267,IMPS
T0494,C011,757.13,2026-06-21 13:52:00,Delhi,B179,NEFT
T0232,C046,4393.32,2026-06-21 15:51:00,Kolkata,B027,NEFT
T0465,C030,1907.89,2026-06-21 15:54:00,Kolkata,B222,ATM
T0241,C093,1757.04,2026-06-21 17:04:00,Nagpur,B044,UPI
T0619,C010,1993.24,2026-06-21 19:19:00,Kolkata,B052,NEFT
T0442,C064,2843.08,2026-06-22 02:03:00,Chennai,B132,IMPS
T0587,C035,1321.33,2026-06-22 02:27:00,Bangalore,B070,UPI
T0688,C082,3001.16,2026-06-22 05:42:00,Nagpur,B037,IMPS
T0352,C064,311.25,2026-06-22 09:47:00,Kolkata,B259,IMPS
T0613,C091,3562.69,2026-06-22 19:56:00,Nagpur,B289,ATM
T0317,C082,4904.13,2026-06-22 21:27:00,Pune,B039,IMPS
T0702,C097,1104.44,2026-06-22 22:14:00,Kolkata,B010,ATM
T0341,C004,589.87,2026-06-23 00:15:00,Nagpur,B136,ATM
T0846,C058,3958.92,2026-06-23 03:18:00,Delhi,B052,ATM
T0738,C084,3423.08,2026-06-23 08:09:00,Chennai,B187,UPI
T0133,C016,3765.83,2026-06-23 10:26:00,Delhi,B099,ATM
T0574,C067,4910.79,2026-06-24 00:26:00,Kolkata,B036,IMPS
T0378,C038,401.92,2026-06-24 05:49:00,Mumbai,B178,IMPS
T0780,C013,1003.5,2026-06-24 10:02:00,Jaipur,B274,UPI
T0311,C096,2310.74,2026-06-24 10:55:00,Kolkata,B174,ATM
T0372,C068,2008.76,2026-06-24 11:49:00,Delhi,B236,NEFT
T0111,C084,529.37,2026-06-24 14:26:00,Pune,B016,ATM
T0046,C037,2230.44,2026-06-24 14:35:00,Jaipur,B250,ATM
T0091,C029,1044.26,2026-06-24 17:25:00,Jaipur,B238,UPI
T0872,C098,4314.03,2026-06-24 17:32:00,Pune,B247,NEFT
T0880,C031,1493.16,2026-06-24 19:52:00,Nagpur,B176,NEFT
T1000,C094,2034.59,2026-06-25 04:57:00,Nagpur,B117,IMPS
T0075,C034,1057.13,2026-06-25 13:22:00,Hyderabad,B020,UPI
T0858,C036,1286.22,2026-06-25 15:39:00,Bangalore,B233,IMPS
T0812,C085,1346.63,2026-06-25 19:46:00,Nagpur,B085,ATM
T0741,C046,4183.44,2026-06-25 21:40:00,Hyderabad,B281,NEFT
T0589,C016,2772.44,2026-06-25 22:33:00,Bangalore,B232,NEFT
T0175,C005,805.98,2026-06-26 01:41:00,Nagpur,B170,UPI
T0121,C023,3722.22,2026-06-26 02:13:00,Hyderabad,B276,IMPS
T0994,C024,1154.6,2026-06-26 07:58:00,Ahmedabad,B288,UPI
T0073,C036,4348.89,2026-06-26 08:24:00,Hyderabad,B180,IMPS
T0366,C077,2478.03,2026-06-26 09:11:00,Nagpur,B296,ATM
T0942,C093,504.04,2026-06-26 09:36:00,Jaipur,B199,ATM
T0592,C012,3613.56,2026-06-26 15:00:00,Chennai,B203,UPI
T0047,C025,1624.2,2026-06-26 16:21:00,Pune,B297,UPI
T0480,C023,4829.96,2026-06-26 16:25:00,Chennai,B150,IMPS
T0177,C053,4380.48,2026-06-26 21:48:00,Delhi,B039,IMPS
T0577,C060,1967.71,2026-06-27 06:06:00,Ahmedabad,B101,ATM
T0426,C072,2578.98,2026-06-27 08:00:00,Chennai,B196,NEFT
T0636,C013,1789.25,2026-06-27 17:12:00,Bangalore,B210,NEFT
T0620,C039,1748.5,2026-06-27 23:36:00,Delhi,B224,IMPS
T0383,C001,4829.69,2026-06-28 08:33:00,Delhi,B209,IMPS
T0191,C090,1617.11,2026-06-28 08:42:00,Kolkata,B141,UPI
T0997,C081,1651.17,2026-06-28 10:00:00,Jaipur,B142,UPI
T0167,C054,4206.67,2026-06-28 18:45:00,Ahmedabad,B125,IMPS
T0775,C072,4153.7,2026-06-28 22:38:00,Pune,B059,NEFT
T0766,C038,2354.31,2026-06-29 08:46:00,Mumbai,B096,ATM
T0088,C004,421.83,2026-06-29 10:52:00,Ahmedabad,B038,IMPS
T0284,C087,4746.22,2026-06-29 13:04:00,Ahmedabad,B237,NEFT
T0246,C006,1258.49,2026-06-29 13:06:00,Nagpur,B029,UPI
T0045,C022,2019.07,2026-06-29 16:52:00,Kolkata,B136,IMPS
T0188,C057,4737.13,2026-06-30 03:06:00,Nagpur,B154,IMPS
T0093,C060,3404.37,2026-06-30 04:10:00,Jaipur,B163,IMPS
T0346,C092,1732.72,2026-06-30 04:44:00,Chennai,B205,ATM
N001,C020,1984,2026-07-01 02:15:00,Mumbai,B050,UPI
N002,C021,3346,2026-07-02 02:15:00,Mumbai,B050,UPI
N003,C022,1625,2026-07-03 02:15:00,Mumbai,B050,UPI
N004,C023,2746,2026-07-04 02:15:00,Mumbai,B050,UPI
N005,C024,4975,2026-07-05 02:15:00,Mumbai,B050,UPI
N006,C025,2279,2026-07-06 02:15:00,Mumbai,B050,UPI
N007,C026,4726,2026-07-07 02:15:00,Mumbai,B050,UPI
N008,C027,3479,2026-07-08 02:15:00,Mumbai,B050,UPI
N009,C028,2348,2026-07-09 02:15:00,Mumbai,B050,UPI
N010,C029,2839,2026-07-10 02:15:00,Mumbai,B050,UPI
LH001,C040,1500,2026-07-13 10:00:00,Pune,B100,UPI
LH002,C041,1500,2026-07-14 10:00:00,Pune,B100,UPI
LN001,C040,1500,2026-07-15 10:00:00,Mumbai,B101,UPI
LH003,C042,1500,2026-07-15 10:00:00,Pune,B100,UPI
LN002,C041,1500,2026-07-16 10:00:00,Delhi,B101,UPI
LH004,C043,1500,2026-07-16 10:00:00,Pune,B100,UPI
LN003,C042,1500,2026-07-17 10:00:00,Bangalore,B101,UPI
LH005,C044,1500,2026-07-17 10:00:00,Pune,B100,UPI
LN004,C043,1500,2026-07-18 10:00:00,Hyderabad,B101,UPI
LH006,C045,1500,2026-07-18 10:00:00,Pune,B100,UPI
LN005,C044,1500,2026-07-19 10:00:00,Chennai,B101,UPI
LH007,C046,1500,2026-07-19 10:00:00,Pune,B100,UPI
LN006,C045,1500,2026-07-20 10:00:00,Kolkata,B101,UPI
LH008,C047,1500,2026-07-20 10:00:00,Pune,B100,UPI
LN007,C046,1500,2026-07-21 10:00:00,Ahmedabad,B101,UPI
LH009,C048,1500,2026-07-21 10:00:00,Pune,B100,UPI
LN008,C047,1500,2026-07-22 10:00:00,Jaipur,B101,UPI
LH010,C049,1500,2026-07-22 10:00:00,Pune,B100,UPI
LN009,C048,1500,2026-07-23 10:00:00,Nagpur,B101,UPI
LN010,C049,1500,2026-07-24 10:00:00,Pune,B101,UPI
RF01_1,C060,1200,2026-08-01 14:00:00,Pune,B200,UPI
RF01_2,C060,1300,2026-08-01 14:02:00,Pune,B201,UPI
RF01_3,C060,1400,2026-08-01 14:04:00,Pune,B202,UPI
RF02_1,C061,1200,2026-08-02 14:00:00,Pune,B200,UPI
RF02_2,C061,1300,2026-08-02 14:02:00,Pune,B201,UPI
RF02_3,C061,1400,2026-08-02 14:04:00,Pune,B202,UPI
RF03_1,C062,1200,2026-08-03 14:00:00,Pune,B200,UPI
RF03_2,C062,1300,2026-08-03 14:02:00,Pune,B201,UPI
RF03_3,C062,1400,2026-08-03 14:04:00,Pune,B202,UPI
RF04_1,C063,1200,2026-08-04 14:00:00,Pune,B200,UPI
RF04_2,C063,1300,2026-08-04 14:02:00,Pune,B201,UPI
RF04_3,C063,1400,2026-08-04 14:04:00,Pune,B202,UPI
RF05_1,C064,1200,2026-08-05 14:00:00,Pune,B200,UPI
RF05_2,C064,1300,2026-08-05 14:02:00,Pune,B201,UPI
RF05_3,C064,1400,2026-08-05 14:04:00,Pune,B202,UPI
RF06_1,C065,1200,2026-08-06 14:00:00,Pune,B200,UPI
RF06_2,C065,1300,2026-08-06 14:02:00,Pune,B201,UPI
RF06_3,C065,1400,2026-08-06 14:04:00,Pune,B202,UPI
RF07_1,C066,1200,2026-08-07 14:00:00,Pune,B200,UPI
RF07_2,C066,1300,2026-08-07 14:02:00,Pune,B201,UPI
RF07_3,C066,1400,2026-08-07 14:04:00,Pune,B202,UPI
RF08_1,C067,1200,2026-08-08 14:00:00,Pune,B200,UPI
RF08_2,C067,1300,2026-08-08 14:02:00,Pune,B201,UPI
RF08_3,C067,1400,2026-08-08 14:04:00,Pune,B202,UPI
RF09_1,C068,1200,2026-08-09 14:00:00,Pune,B200,UPI
RF09_2,C068,1300,2026-08-09 14:02:00,Pune,B201,UPI
RF09_3,C068,1400,2026-08-09 14:04:00,Pune,B202,UPI
RF10_1,C069,1200,2026-08-10 14:00:00,Pune,B200,UPI
RF10_2,C069,1300,2026-08-10 14:02:00,Pune,B201,UPI
RF10_3,C069,1400,2026-08-10 14:04:00,Pune,B202,UPI
